iteracao;bnd;cliques;fenchel;limiteEnum;limiteVar;janelaModificada;valor_lifting;tempo
0;50.8421;0;0;0;0;0;0;0
1;52.3503;346;29;0;0;225;51;6.87457
2;53.3929;58;3;0;0;27;53;12.7528
3;54.1;57;9;0;0;27;54;9.20344
4;55;36;5;0;0;26;55;10.9906
