iteracao;bnd;cliques;fenchel;limiteEnum;limiteVar;janelaModificada;valor_lifting;tempo
0;15.3952;0;0;0;0;0;0;0
1;17.0896;0;81;0;0;92;16;4.39434
2;18.2698;0;53;0;0;55;18;2.93759
3;19.0769;0;46;0;0;46;19;2.86947
4;20;0;38;0;0;24;20;1.94145
