lo;hi;obj;time
lo;hi;obj;time
3;10;859.0000000000001;-
3;9;859.0000000000001;-
3;8;859.0000000000001;-
3;7;859.0000000000001;-
3;6;941.5351019430055;525.5124251842499
