lo;hi;obj;time
3;10;742.0000000000001;-
3;9;742.0000000000001;-
3;8;742.0000000000001;-
3;7;742.0000000000001;-
3;6;768.7281076349828;635.1707363128662
lo;hi;obj;time
