lo;hi;obj;time
3;10;617.0;-
3;9;617.0;-
3;8;617.0;-
3;7;617.0;-
3;6;652.0122160669489;440.6025490760803
lo;hi;obj;time
