lo;hi;obj;time
3;10;753.0000000000001;-
3;9;753.0000000000001;-
3;8;753.0000000000001;-
3;7;753.0000000000001;-
3;6;766.7686071786503;-
lo;hi;obj;time
