lo;hi;obj;time
3;10;695.0000000000002;-
3;9;695.0000000000002;-
3;8;695.0000000000002;-
3;7;695.0000000000002;-
3;6;726.7098236699012;-
lo;hi;obj;time
