lo;hi;obj;time
3;6;47.00000000000001;3.9423532485961914
