iter;select;parameter;obj;time
2;3;3;46.99999999999999;0.7695028781890869
6;3;4;46.99999999999999;14.231451511383057
3;3;5;47.0;7.0067949295043945
7;3;6;47.0;37.039917945861816
