iter;lo;hi;obj;time
2;3;5;455.7585480380539;11.985592126846313
3;3;4;434.95078549879554;13.750635147094727
