iter;lo;hi;obj;time
3;3;4;669.2819560321002;12.207692384719849
3;3;5;669.2819560321002;76.66310715675354
